tom;dom;som;lom
"A1067719;""my country Is India"";2026-05-06;2005-01-01"
"A1067719;""my country Is India"";2026-05-06;2005-01-02"
"A1067719;""my country Is India"";2026-05-06;2005-01-03"
"A1067719;""my country Is India"";2026-05-06;2005-01-04"
"A1067719;""my country Is India"";2026-05-06;2005-01-05"
"A1067719;""my country Is India"";2026-05-06;2005-01-06"
"A1067719;""my country Is India"";2026-05-06;2005-01-07"
"A1067719;""my country Is India"";2026-05-06;2005-01-08"
"A1067719;""my country Is India"";2026-05-06;2005-01-09"
