Row,Input,Output,Status,ExtraData
Header,tom;dom;som;lom,tom;dom;som;lom,PASS,umo;uma;Umh
1,"A1067719;""my country Is India"";2026-05-06;2005-01-01","A1067719;""my country Is India"";2026-05-06;2005-01-01",PASS,new;90-06-2000;01-06-2001
2,"A1067719;""my country Is India"";2026-05-06;2005-01-02","A1067719;""my country Is India"";2026-05-06;2005-01-02",PASS,new;90-06-2000;01-06-2001
3,"A1067719;""my country Is India"";2026-05-06;2005-01-03","A1067719;""my country Is India"";2026-05-06;2005-01-03",PASS,new;90-06-2000;01-06-2001
4,"A1067719;""my country Is India"";2026-05-06;2005-01-04","A1067719;""my country Is India"";2026-05-06;2005-01-04",PASS,new;90-06-2000;01-06-2001
5,"A1067719;""my country Is India"";2026-05-06;2005-01-05","A1067719;""my country Is India"";2026-05-06;2005-01-05",PASS,new;90-06-2000;01-06-2001
6,"A1067719;""my country Is India"";2026-05-06;2005-01-06","A1067719;""my country Is India"";2026-05-06;2005-01-06",PASS,new;90-06-2000;01-06-2001
7,"A1067719;""my country Is India"";2026-05-06;2005-01-07","A1067719;""my country Is India"";2026-05-06;2005-01-07",PASS,new;90-06-2000;01-06-2001
8,"A1067719;""my country Is India"";2026-05-06;2005-01-08","A1067719;""my country Is India"";2026-05-06;2005-01-08",PASS,new;90-06-2000;01-06-2001
9,"A1067719;""my country Is India"";2026-05-06;2005-01-09","A1067719;""my country Is India"";2026-05-06;2005-01-09",PASS,new;90-06-2000;01-06-2001
